{
  "rsrp": {
    "mean": -92.88216910845543,
    "std": 13.916251459280895,
    "min": -140.0,
    "max": -55.0,
    "p25": -100.0,
    "p50": -91.0,
    "p75": -84.0,
    "histogram": [
      8047,
      15,
      623,
      10256,
      48450,
      39474,
      63698,
      23438,
      5829,
      160
    ],
    "bin_edges": [
      -140.0,
      -131.5,
      -123.0,
      -114.5,
      -106.0,
      -97.5,
      -89.0,
      -80.5,
      -72.0,
      -63.5,
      -55.0
    ],
    "count": 199990
  },
  "rsrq": {
    "mean": -13.314225711285564,
    "std": 5.169442261590873,
    "min": -30.0,
    "max": -3.0,
    "p25": -16.0,
    "p50": -13.0,
    "p75": -10.0,
    "histogram": [
      9621,
      0,
      0,
      0,
      32625,
      41072,
      38564,
      46879,
      29212,
      2017
    ],
    "bin_edges": [
      -30.0,
      -27.3,
      -24.6,
      -21.9,
      -19.2,
      -16.5,
      -13.799999999999997,
      -11.099999999999998,
      -8.399999999999999,
      -5.699999999999999,
      -3.0
    ],
    "count": 199990
  },
  "sinr": {
    "mean": 8.345767288364419,
    "std": 7.4127031755268895,
    "min": -20.0,
    "max": 30.0,
    "p25": 5.0,
    "p50": 10.0,
    "p75": 13.0,
    "histogram": [
      84,
      626,
      12204,
      12029,
      23520,
      51497,
      66377,
      26720,
      5178,
      1755
    ],
    "bin_edges": [
      -20.0,
      -15.0,
      -10.0,
      -5.0,
      0.0,
      5.0,
      10.0,
      15.0,
      20.0,
      25.0,
      30.0
    ],
    "count": 199990
  },
  "cqi": {
    "mean": 7.9568728436421825,
    "std": 4.079772955539378,
    "min": 0.0,
    "max": 15.0,
    "p25": 6.0,
    "p50": 8.0,
    "p75": 11.0,
    "histogram": [
      19748,
      1790,
      14339,
      13912,
      38141,
      20211,
      35169,
      14733,
      20942,
      21005
    ],
    "bin_edges": [
      0.0,
      1.5,
      3.0,
      4.5,
      6.0,
      7.5,
      9.0,
      10.5,
      12.0,
      13.5,
      15.0
    ],
    "count": 199990
  },
  "ta": {
    "mean": 9.754127706385319,
    "std": 79.06014138069605,
    "min": 0.0,
    "max": 1280.0,
    "p25": 0.0,
    "p50": 0.0,
    "p75": 7.0,
    "histogram": [
      199011,
      32,
      0,
      0,
      0,
      0,
      0,
      0,
      436,
      511
    ],
    "bin_edges": [
      0.0,
      128.0,
      256.0,
      384.0,
      512.0,
      640.0,
      768.0,
      896.0,
      1024.0,
      1152.0,
      1280.0
    ],
    "count": 199990
  },
  "velocity": {
    "mean": 3.445278593770695,
    "std": 4.476388950802435,
    "min": 0.0,
    "max": 28.47,
    "p25": 0.059,
    "p50": 0.468,
    "p75": 6.4190225,
    "histogram": [
      119015,
      21834,
      17656,
      15908,
      18349,
      802,
      215,
      116,
      47,
      30
    ],
    "bin_edges": [
      0.0,
      2.847,
      5.694,
      8.541,
      11.388,
      14.235,
      17.082,
      19.929,
      22.776,
      25.623,
      28.47
    ],
    "count": 193972
  },
  "num_neighbors": {
    "mean": 1.0794939746987349,
    "std": 1.3713515428962433,
    "min": 0.0,
    "max": 12.0,
    "p25": 0.0,
    "p50": 0.5,
    "p75": 2.0,
    "histogram": [
      134487,
      32776,
      22887,
      5707,
      1469,
      2617,
      22,
      17,
      4,
      4
    ],
    "bin_edges": [
      0.0,
      1.2,
      2.4,
      3.5999999999999996,
      4.8,
      6.0,
      7.199999999999999,
      8.4,
      9.6,
      10.799999999999999,
      12.0
    ],
    "count": 199990
  },
  "datarate": {
    "mean": 70.70183883190282,
    "std": 95.69896408032002,
    "min": 0.0,
    "max": 6645.38403041825,
    "p25": 11.310739754619284,
    "p50": 35.53106989127356,
    "p75": 95.38392904940714,
    "histogram": [
      199906,
      82,
      0,
      0,
      0,
      0,
      0,
      0,
      0,
      2
    ],
    "bin_edges": [
      0.0,
      664.5384030418251,
      1329.0768060836501,
      1993.6152091254753,
      2658.1536121673003,
      3322.692015209125,
      3987.2304182509506,
      4651.768821292775,
      5316.3072243346005,
      5980.845627376426,
      6645.38403041825
    ],
    "count": 199990
  },
  "ho_count_60s": {
    "mean": 15.200085004250212,
    "std": 12.564908946730041,
    "min": 0.0,
    "max": 30.0,
    "p25": 3.0,
    "p50": 10.0,
    "p75": 29.0,
    "histogram": [
      48132,
      24384,
      20983,
      9295,
      3333,
      1146,
      1080,
      2636,
      9981,
      79020
    ],
    "bin_edges": [
      0.0,
      3.0,
      6.0,
      9.0,
      12.0,
      15.0,
      18.0,
      21.0,
      24.0,
      27.0,
      30.0
    ],
    "count": 199990
  },
  "time_since_last_ho": {
    "mean": 42.67588379418971,
    "std": 118.12103306719061,
    "min": 0.0,
    "max": 1324.0,
    "p25": 0.0,
    "p50": 0.0,
    "p75": 24.0,
    "histogram": [
      182742,
      8417,
      3342,
      2237,
      1360,
      884,
      545,
      330,
      66,
      67
    ],
    "bin_edges": [
      0.0,
      132.4,
      264.8,
      397.20000000000005,
      529.6,
      662.0,
      794.4000000000001,
      926.8000000000001,
      1059.2,
      1191.6000000000001,
      1324.0
    ],
    "count": 199990
  },
  "cell_hist_congestion_rate": {
    "mean": 0.23466173308665433,
    "std": 0.2435649700012344,
    "min": 0.0,
    "max": 1.0,
    "p25": 0.04943820224719101,
    "p50": 0.1527777777777778,
    "p75": 0.3235294117647059,
    "histogram": [
      74708,
      42872,
      26426,
      13206,
      8141,
      17138,
      5168,
      1902,
      3341,
      7088
    ],
    "bin_edges": [
      0.0,
      0.1,
      0.2,
      0.30000000000000004,
      0.4,
      0.5,
      0.6000000000000001,
      0.7000000000000001,
      0.8,
      0.9,
      1.0
    ],
    "count": 199990
  }
}